member_id,name,party,state,degree_centrality,eigenvector_centrality,party_name
M000317,"Rep. Malliotakis, Nicole [R-NY-11]",R,NY,0.09395973154362416,0.054025790181331,Republican
R000610,"Rep. Reschenthaler, Guy [R-PA-14]",R,PA,0.03355704697986577,0.05629190874140827,Republican
S001196,"Rep. Stefanik, Elise M. [R-NY-21]",R,NY,0.03355704697986577,0.027538197062679518,Republican
V000134,"Rep. Van Duyne, Beth [R-TX-24]",R,TX,0.03355704697986577,0.029756157324540965,Republican
N000189,"Rep. Newhouse, Dan [R-WA-4]",R,WA,0.029082774049217,0.02356616158646144,Republican
J000299,"Rep. Johnson, Mike [R-LA-4]",R,LA,0.029082774049217,0.03952022710629759,Republican
F000471,"Rep. Fitzgerald, Scott [R-WI-5]",R,WI,0.024608501118568233,0.028356391181431333,Republican
T000165,"Rep. Tiffany, Thomas P. [R-WI-7]",R,WI,0.03131991051454139,0.06006228303820994,Republican
C001120,"Rep. Crenshaw, Dan [R-TX-2]",R,TX,0.035794183445190156,0.0536863707665438,Republican
I000056,"Rep. Issa, Darrell E. [R-CA-48]",R,CA,0.024608501118568233,0.03127342120599665,Republican
S001212,"Rep. Stauber, Pete [R-MN-8]",R,MN,0.10067114093959731,0.08432958061309222,Republican
C000059,"Rep. Calvert, Ken [R-CA-41]",R,CA,0.035794183445190156,0.04223590247819408,Republican
L000589,"Rep. Lesko, Debbie [R-AZ-8]",R,AZ,0.04697986577181208,0.11748285661782355,Republican
J000302,"Rep. Joyce, John [R-PA-13]",R,PA,0.022371364653243846,0.036679963501320266,Republican
S000929,"Rep. Spartz, Victoria [R-IN-5]",R,IN,0.020134228187919462,0.024186549825289665,Republican
W000806,"Rep. Webster, Daniel [R-FL-11]",R,FL,0.029082774049217,0.03450500425808796,Republican
C001039,"Rep. Cammack, Kat [R-FL-3]",R,FL,0.035794183445190156,0.061512577578104057,Republican
M001177,"Rep. McClintock, Tom [R-CA-5]",R,CA,0.053691275167785234,0.06601680316814663,Republican
G000596,"Rep. Greene, Marjorie Taylor [R-GA-14]",R,GA,0.026845637583892617,0.04105271600463764,Republican
M001219,"Del. Moylan, James C. [R-GU-At Large]",R,GU,0.020134228187919462,0.013862500502741426,Republican
L000585,"Rep. LaHood, Darin [R-IL-16]",R,IL,0.12751677852348994,0.057477053185461834,Republican
S000522,"Rep. Smith, Christopher H. [R-NJ-4]",R,NJ,0.47874720357941836,0.19647575448159532,Republican
B001282,"Rep. Barr, Andy [R-KY-6]",R,KY,0.024608501118568233,0.03592768947408743,Republican
P000599,"Rep. Posey, Bill [R-FL-8]",R,FL,0.04697986577181208,0.07352442713655787,Republican
E000071,"Rep. Ellzey, Jake [R-TX-6]",R,TX,0.026845637583892617,0.0291923787810336,Republican
W000828,"Rep. Williams, Brandon [R-NY-22]",R,NY,0.013422818791946308,0.013345663292901965,Republican
W000814,"Rep. Weber, Randy K., Sr. [R-TX-14]",R,TX,0.040268456375838924,0.07370797700639527,Republican
G000565,"Rep. Gosar, Paul A. [R-AZ-9]",R,AZ,0.03355704697986577,0.15659499172731184,Republican
G000593,"Rep. Gimenez, Carlos A. [R-FL-28]",R,FL,0.015659955257270694,0.017420903773158403,Republican
L000597,"Rep. Lee, Laurel M. [R-FL-15]",R,FL,0.008948545861297539,0.009326699125641321,Republican
G000377,"Rep. Granger, Kay [R-TX-12]",R,TX,0.011185682326621923,0.0108340173771251,Republican
K000398,"Rep. Kean, Thomas H. [R-NJ-7]",R,NJ,0.020134228187919462,0.015445589918524065,Republican
E000246,"Rep. Edwards, Chuck [R-NC-11]",R,NC,0.022371364653243846,0.026721038758194315,Republican
B001301,"Rep. Bergman, Jack [R-MI-1]",R,MI,0.36912751677852346,0.19090508324947952,Republican
G000591,"Rep. Guest, Michael [R-MS-3]",R,MS,0.026845637583892617,0.05261255631698061,Republican
D000594,"Rep. De La Cruz, Monica [R-TX-15]",R,TX,0.022371364653243846,0.03610219586592331,Republican
H001058,"Rep. Huizenga, Bill [R-MI-4]",R,MI,0.07606263982102908,0.05233698167656298,Republican
W000798,"Rep. Walberg, Tim [R-MI-5]",R,MI,0.020134228187919462,0.028208906694502184,Republican
B000740,"Rep. Bice, Stephanie I. [R-OK-5]",R,OK,0.04474272930648769,0.03133755617049653,Republican
D000032,"Rep. Donalds, Byron [R-FL-19]",R,FL,0.040268456375838924,0.04104891747238146,Republican
H001067,"Rep. Hudson, Richard [R-NC-9]",R,NC,0.38926174496644295,0.19290493501138536,Republican
D000626,"Rep. Davidson, Warren [R-OH-8]",R,OH,0.015659955257270694,0.04412310978961987,Republican
B001311,"Rep. Bishop, Dan [R-NC-8]",R,NC,0.024608501118568233,0.08193250225340948,Republican
D000615,"Rep. Duncan, Jeff [R-SC-3]",R,SC,0.29977628635346754,0.4210711148099151,Republican
L000266,"Rep. LaTurner, Jake [R-KS-2]",R,KS,0.03131991051454139,0.0428148905258418,Republican
F000475,"Rep. Finstad, Brad [R-MN-1]",R,MN,0.03131991051454139,0.051339325745518305,Republican
B001297,"Rep. Buck, Ken [R-CO-4]",R,CO,0.022371364653243846,0.06053286396974933,Republican
P000605,"Rep. Perry, Scott [R-PA-10]",R,PA,0.03131991051454139,0.10847291444098961,Republican
W000804,"Rep. Wittman, Robert J. [R-VA-1]",R,VA,0.06487695749440715,0.05507150229874502,Republican
V000133,"Rep. Van Drew, Jefferson [R-NJ-2]",R,NJ,0.03355704697986577,0.03834236700130791,Republican
P000048,"Rep. Pfluger, August [R-TX-11]",R,TX,0.087248322147651,0.06294250272366587,Republican
T000478,"Rep. Tenney, Claudia [R-NY-24]",R,NY,0.04697986577181208,0.0499913049555638,Republican
S000250,"Rep. Sessions, Pete [R-TX-17]",R,TX,0.035794183445190156,0.06411181797897343,Republican
C001087,"Rep. Crawford, Eric A. ""Rick"" [R-AR-1]",R,AR,0.026845637583892617,0.03302483734705383,Republican
G000577,"Rep. Graves, Garret [R-LA-6]",R,LA,0.5749440715883669,0.10769085547522692,Republican
N000190,"Rep. Norman, Ralph [R-SC-5]",R,SC,0.03355704697986577,0.10011016032328646,Republican
J000304,"Rep. Jackson, Ronny [R-TX-13]",R,TX,0.058165548098434,0.08625968292717488,Republican
H001086,"Rep. Harshbarger, Diana [R-TN-1]",R,TN,0.035794183445190156,0.07443321811504268,Republican
M001194,"Rep. Moolenaar, John R. [R-MI-2]",R,MI,0.03803131991051454,0.055888180061521534,Republican
F000446,"Rep. Feenstra, Randy [R-IA-4]",R,IA,0.026845637583892617,0.02870112854828976,Republican
C001103,"Rep. Carter, Earl L. ""Buddy"" [R-GA-1]",R,GA,0.08053691275167785,0.09636995203511244,Republican
O000086,"Rep. Owens, Burgess [R-UT-4]",R,UT,0.029082774049217,0.029066461063029316,Republican
C001115,"Rep. Cloud, Michael [R-TX-27]",R,TX,0.022371364653243846,0.060088598956662735,Republican
B001302,"Rep. Biggs, Andy [R-AZ-5]",R,AZ,0.19463087248322147,0.3360146527811017,Republican
B001295,"Rep. Bost, Mike [R-IL-12]",R,IL,0.03355704697986577,0.08689430874461318,Republican
M001195,"Rep. Mooney, Alexander X. [R-WV-2]",R,WV,0.03355704697986577,0.07092443156490152,Republican
S001189,"Rep. Scott, Austin [R-GA-8]",R,GA,0.020134228187919462,0.0347140856519795,Republican
C001116,"Rep. Clyde, Andrew S. [R-GA-9]",R,GA,0.029082774049217,0.051988906688917695,Republican
K000376,"Rep. Kelly, Mike [R-PA-16]",R,PA,0.18791946308724833,0.12912497007751708,Republican
N000026,"Rep. Nehls, Troy E. [R-TX-22]",R,TX,0.015659955257270694,0.019339066038049777,Republican
B001291,"Rep. Babin, Brian [R-TX-36]",R,TX,0.07606263982102908,0.06891647922131944,Republican
F000459,"Rep. Fleischmann, Charles J. ""Chuck"" [R-TN-3]",R,TN,0.017897091722595078,0.03535019809783922,Republican
K000388,"Rep. Kelly, Trent [R-MS-1]",R,MS,0.020134228187919462,0.036285004621047515,Republican
D000628,"Rep. Dunn, Neal P. [R-FL-2]",R,FL,0.024608501118568233,0.03255873737131698,Republican
F000246,"Rep. Fallon, Pat [R-TX-4]",R,TX,0.026845637583892617,0.029020695477136954,Republican
G000576,"Rep. Grothman, Glenn [R-WI-6]",R,WI,0.03803131991051454,0.04051204899826005,Republican
H001052,"Rep. Harris, Andy [R-MD-1]",R,MD,0.024608501118568233,0.04382847677828569,Republican
F000470,"Rep. Fischbach, Michelle [R-MN-7]",R,MN,0.020134228187919462,0.02261816191478948,Republican
M001205,"Rep. Miller, Carol D. [R-WV-1]",R,WV,0.1185682326621924,0.07371392126739904,Republican
S001214,"Rep. Steube, W. Gregory [R-FL-17]",R,FL,0.14988814317673377,0.11852855848591858,Republican
G000589,"Rep. Gooden, Lance [R-TX-5]",R,TX,0.022371364653243846,0.034146077937302836,Republican
M001136,"Rep. McClain, Lisa C. [R-MI-9]",R,MI,0.020134228187919462,0.03287012788099161,Republican
M001213,"Rep. Moore, Blake D. [R-UT-1]",R,UT,0.017897091722595078,0.02466239120979586,Republican
L000566,"Rep. Latta, Robert E. [R-OH-5]",R,OH,0.017897091722595078,0.021216194054406765,Republican
M001212,"Rep. Moore, Barry [R-AL-2]",R,AL,0.04697986577181208,0.05542977452036177,Republican
C001108,"Rep. Comer, James [R-KY-1]",R,KY,0.087248322147651,0.07242838903662902,Republican
C001118,"Rep. Cline, Ben [R-VA-6]",R,VA,0.03803131991051454,0.06670661439781482,Republican
M001199,"Rep. Mast, Brian J. [R-FL-21]",R,FL,0.07829977628635347,0.07176652910686926,Republican
B000825,"Rep. Boebert, Lauren [R-CO-3]",R,CO,0.1185682326621924,0.1258819007695839,Republican
B001275,"Rep. Bucshon, Larry [R-IN-8]",R,IN,0.015659955257270694,0.020018021616491743,Republican
S001222,"Rep. Santos, George [R-NY-3]",R,NY,0.020134228187919462,0.02991965513010796,Republican
C001132,"Rep. Crane, Elijah [R-AZ-2]",R,AZ,0.020134228187919462,0.03343259979765225,Republican
E000235,"Rep. Ezell, Mike [R-MS-4]",R,MS,0.017897091722595078,0.026382276588776253,Republican
M000871,"Rep. Mann, Tracey [R-KS-1]",R,KS,0.026845637583892617,0.028237772860841746,Republican
B001307,"Rep. Baird, James R. [R-IN-4]",R,IN,0.17002237136465323,0.0703863277911541,Republican
L000578,"Rep. LaMalfa, Doug [R-CA-1]",R,CA,0.06263982102908278,0.04679281095845041,Republican
F000478,"Rep. Fry, Russell [R-SC-7]",R,SC,0.024608501118568233,0.037202514735442074,Republican
F000472,"Rep. Franklin, C. Scott [R-FL-18]",R,FL,0.015659955257270694,0.025142127173838694,Republican
S001224,"Rep. Self, Keith [R-TX-3]",R,TX,0.022371364653243846,0.038580617609192194,Republican
L000564,"Rep. Lamborn, Doug [R-CO-5]",R,CO,0.035794183445190156,0.04965554303722977,Republican
O000175,"Rep. Ogles, Andrew [R-TN-5]",R,TN,0.024608501118568233,0.07656918076773751,Republican
L000600,"Rep. Langworthy, Nicholas A. [R-NY-23]",R,NY,0.020134228187919462,0.025667811619908155,Republican
S001199,"Rep. Smucker, Lloyd [R-PA-11]",R,PA,0.022371364653243846,0.03502530106618137,Republican
F000450,"Rep. Foxx, Virginia [R-NC-5]",R,NC,0.029082774049217,0.023235055550169883,Republican
A000372,"Rep. Allen, Rick W. [R-GA-12]",R,GA,0.029082774049217,0.051612260819451236,Republican
H001093,"Rep. Houchin, Erin [R-IN-9]",R,IN,0.015659955257270694,0.0179970713626783,Republican
B001317,"Rep. Brecheen, Josh [R-OK-2]",R,OK,0.017897091722595078,0.051296538334771734,Republican
K000392,"Rep. Kustoff, David [R-TN-8]",R,TN,0.022371364653243846,0.034886391253197584,Republican
M001210,"Rep. Murphy, Gregory F. [R-NC-3]",R,NC,0.015659955257270694,0.02791405256725405,Republican
M001211,"Rep. Miller, Mary E. [R-IL-15]",R,IL,0.03803131991051454,0.09785395994042886,Republican
W000812,"Rep. Wagner, Ann [R-MO-2]",R,MO,0.3713646532438479,0.16729462975984058,Republican
W000816,"Rep. Williams, Roger [R-TX-25]",R,TX,0.022371364653243846,0.03166454975180578,Republican
B001299,"Rep. Banks, Jim [R-IN-3]",R,IN,0.10514541387024608,0.0755983953105235,Republican
D000616,"Rep. DesJarlais, Scott [R-TN-4]",R,TN,0.0044742729306487695,0.009898640064693286,Republican
B001298,"Rep. Bacon, Don [R-NE-2]",R,NE,0.03803131991051454,0.0413075786635231,Republican
Y000067,"Rep. Yakym, Rudy [R-IN-2]",R,IN,0.022371364653243846,0.0350637499605085,Republican
T000467,"Rep. Thompson, Glenn [R-PA-15]",R,PA,0.017897091722595078,0.03499065376588803,Republican
H001082,"Rep. Hern, Kevin [R-OK-1]",R,OK,0.024608501118568233,0.04427613245117089,Republican
T000480,"Rep. Timmons, William R. IV [R-SC-4]",R,SC,0.020134228187919462,0.06098724117611329,Republican
H001077,"Rep. Higgins, Clay [R-LA-3]",R,LA,0.03131991051454139,0.04379451234310291,Republican
B001309,"Rep. Burchett, Tim [R-TN-2]",R,TN,0.026845637583892617,0.04020751655244873,Republican
R000603,"Rep. Rouzer, David [R-NC-7]",R,NC,0.022371364653243846,0.020732991030866822,Republican
L000603,"Rep. Luttrell, Morgan [R-TX-8]",R,TX,0.017897091722595078,0.0419127674838945,Republican
C001129,"Rep. Collins, Mike [R-GA-10]",R,GA,0.013422818791946308,0.021584934143619547,Republican
S001172,"Rep. Smith, Adrian [R-NE-3]",R,NE,0.1901565995525727,0.10844872358951273,Republican
L000596,"Rep. Luna, Anna Paulina [R-FL-13]",R,FL,0.026845637583892617,0.057402638394145014,Republican
F000465,"Rep. Ferguson, A. Drew, IV [R-GA-3]",R,GA,0.026845637583892617,0.030897719338120796,Republican
B001316,"Rep. Burlison, Eric [R-MO-7]",R,MO,0.020134228187919462,0.04843823718117807,Republican
B001314,"Rep. Bean, Aaron [R-FL-4]",R,FL,0.011185682326621923,0.012072265127168687,Republican
R000575,"Rep. Rogers, Mike D. [R-AL-3]",R,AL,0.008948545861297539,0.01159322813699475,Republican
G000594,"Rep. Gonzales, Tony [R-TX-23]",R,TX,0.07158836689038031,0.034137919909464014,Republican
S001148,"Rep. Simpson, Michael K. [R-ID-2]",R,ID,0.013422818791946308,0.017050691409346935,Republican
B001257,"Rep. Bilirakis, Gus M. [R-FL-12]",R,FL,0.024608501118568233,0.03788781234282711,Republican
L000583,"Rep. Loudermilk, Barry [R-GA-11]",R,GA,0.011185682326621923,0.020674613868802847,Republican
A000369,"Rep. Amodei, Mark E. [R-NV-2]",R,NV,0.017897091722595078,0.017426563779741857,Republican
H001091,"Rep. Hinson, Ashley [R-IA-2]",R,IA,0.029082774049217,0.03215497827759266,Republican
M001204,"Rep. Meuser, Daniel [R-PA-9]",R,PA,0.017897091722595078,0.02389926739014499,Republican
W000795,"Rep. Wilson, Joe [R-SC-2]",R,SC,0.022371364653243846,0.054792228903546895,Republican
V000129,"Rep. Valadao, David G. [R-CA-22]",R,CA,0.058165548098434,0.04817593623768435,Republican
G000546,"Rep. Graves, Sam [R-MO-6]",R,MO,0.013422818791946308,0.017035866804467406,Republican
L000595,"Rep. Letlow, Julia [R-LA-5]",R,LA,0.017897091722595078,0.023015569038795865,Republican
W000815,"Rep. Wenstrup, Brad R. [R-OH-2]",R,OH,0.020134228187919462,0.02158571328601552,Republican
R000612,"Rep. Rose, John W. [R-TN-6]",R,TN,0.022371364653243846,0.02422799130595567,Republican
M001222,"Rep. Miller, Max L. [R-OH-7]",R,OH,0.006711409395973154,0.013097652345956,Republican
C001114,"Rep. Curtis, John R. [R-UT-3]",R,UT,0.020134228187919462,0.033077742376270695,Republican
E000298,"Rep. Estes, Ron [R-KS-4]",R,KS,0.04697986577181208,0.05300518442031761,Republican
H001072,"Rep. Hill, J. French [R-AR-2]",R,AR,0.008948545861297539,0.013535561895899956,Republican
G000558,"Rep. Guthrie, Brett [R-KY-2]",R,KY,0.026845637583892617,0.0456913005636495,Republican
A000379,"Rep. Alford, Mark [R-MO-4]",R,MO,0.011185682326621923,0.014483163740275704,Republican
J000301,"Rep. Johnson, Dusty [R-SD-At Large]",R,SD,0.017897091722595078,0.019048315387867963,Republican
Z000018,"Rep. Zinke, Ryan K. [R-MT-1]",R,MT,0.013422818791946308,0.016234503508828435,Republican
B001306,"Rep. Balderson, Troy [R-OH-12]",R,OH,0.020134228187919462,0.04644118087267619,Republican
M001216,"Rep. Mills, Cory [R-FL-7]",R,FL,0.008948545861297539,0.015243701925364719,Republican
R000609,"Rep. Rutherford, John H. [R-FL-5]",R,FL,0.029082774049217,0.0503072168761032,Republican
W000823,"Rep. Waltz, Michael [R-FL-6]",R,FL,0.022371364653243846,0.03899720169884414,Republican
S001220,"Rep. Strong, Dale W. [R-AL-5]",R,AL,0.013422818791946308,0.01724395860677238,Republican
A000377,"Rep. Armstrong, Kelly [R-ND-At Large]",R,ND,0.020134228187919462,0.04108360683950748,Republican
D000632,"Rep. D'Esposito, Anthony [R-NY-4]",R,NY,0.006711409395973154,0.00849954522539659,Republican
G000590,"Rep. Green, Mark E. [R-TN-7]",R,TN,0.017897091722595078,0.03133175162427644,Republican
B000574,"Rep. Blumenauer, Earl [D-OR-3]",D,OR,0.017897091722595078,0.012481887537911955,Democrat
F000466,"Rep. Fitzpatrick, Brian K. [R-PA-1]",R,PA,0.029082774049217,0.020939770880195368,Republican
G000583,"Rep. Gottheimer, Josh [D-NJ-5]",D,NJ,0.024608501118568233,0.014106111529339225,Democrat
N000147,"Del. Norton, Eleanor Holmes [D-DC-At Large]",D,DC,0.4809843400447427,0.04957774162596657,Democrat
N000002,"Rep. Nadler, Jerrold [D-NY-12]",D,NY,0.017897091722595078,0.01372970605908792,Democrat
S001183,"Rep. Schweikert, David [R-AZ-1]",R,AZ,0.017897091722595078,0.01645838584501864,Republican
B001278,"Rep. Bonamici, Suzanne [D-OR-1]",D,OR,0.013422818791946308,0.009032148634079692,Democrat
D000629,"Rep. Davids, Sharice [D-KS-3]",D,KS,0.011185682326621923,0.008451606451474174,Democrat
G000586,"Rep. Garcia, Jesus G. ""Chuy"" [D-IL-4]",D,IL,0.015659955257270694,0.010925213693259947,Democrat
L000551,"Rep. Lee, Barbara [D-CA-12]",D,CA,0.020134228187919462,0.01355037629102059,Democrat
Q000023,"Rep. Quigley, Mike [D-IL-5]",D,IL,0.006711409395973154,0.0055419601793882944,Democrat
N000191,"Rep. Neguse, Joe [D-CO-2]",D,CO,0.024608501118568233,0.021187157614228496,Democrat
T000468,"Rep. Titus, Dina [D-NV-1]",D,NV,0.017897091722595078,0.012575190823604749,Democrat
P000604,"Rep. Payne, Donald M., Jr. [D-NJ-10]",D,NJ,0.015659955257270694,0.012274510752589089,Democrat
P000597,"Rep. Pingree, Chellie [D-ME-1]",D,ME,0.013422818791946308,0.011485154963531155,Democrat
S001208,"Rep. Slotkin, Elissa [D-MI-7]",D,MI,0.015659955257270694,0.013773172007555559,Democrat
K000397,"Rep. Kim, Young [R-CA-40]",R,CA,0.013422818791946308,0.013893228777597084,Republican
L000590,"Rep. Lee, Susie [D-NV-3]",D,NV,0.013422818791946308,0.013835700742056829,Democrat
J000308,"Rep. Jackson, Jeff [D-NC-14]",D,NC,0.011185682326621923,0.0105359337696914,Democrat
L000598,"Rep. LaLota, Nick [R-NY-1]",R,NY,0.006711409395973154,0.006442380357269746,Republican
J000032,"Rep. Jackson Lee, Sheila [D-TX-18]",D,TX,0.36465324384787473,0.06000883052105458,Democrat
H001068,"Rep. Huffman, Jared [D-CA-2]",D,CA,0.015659955257270694,0.011507239043856615,Democrat
S001145,"Rep. Schakowsky, Janice D. [D-IL-9]",D,IL,0.015659955257270694,0.011927939814124195,Democrat
C001090,"Rep. Cartwright, Matt [D-PA-8]",D,PA,0.008948545861297539,0.00910479382245701,Democrat
S001150,"Rep. Schiff, Adam B. [D-CA-28]",D,CA,0.013422818791946308,0.009606332877757109,Democrat
L000562,"Rep. Lynch, Stephen F. [D-MA-8]",D,MA,0.008948545861297539,0.007491906513925002,Democrat
S000168,"Rep. Salazar, Maria Elvira [R-FL-27]",R,FL,0.024608501118568233,0.021188792690880223,Republican
L000599,"Rep. Lawler, Michael [R-NY-17]",R,NY,0.022371364653243846,0.012612133324088705,Republican
B001315,"Rep. Budzinski, Nikki [D-IL-13]",D,IL,0.006711409395973154,0.006405152546799576,Democrat
P000616,"Rep. Phillips, Dean [D-MN-3]",D,MN,0.020134228187919462,0.013411193402582927,Democrat
D000399,"Rep. Doggett, Lloyd [D-TX-37]",D,TX,0.3512304250559284,0.07453525776034989,Democrat
A000376,"Rep. Allred, Colin Z. [D-TX-32]",D,TX,0.008948545861297539,0.009003914537016103,Democrat
B000490,"Rep. Bishop, Sanford D., Jr. [D-GA-2]",D,GA,0.011185682326621923,0.009258407424710253,Democrat
B001224,"Rep. Bush, Cori [D-MO-1]",D,MO,0.006711409395973154,0.0060340484890036355,Democrat
C001131,"Rep. Casar, Greg [D-TX-35]",D,TX,0.008948545861297539,0.011770390066323204,Democrat
C001066,"Rep. Castor, Kathy [D-FL-14]",D,FL,0.011185682326621923,0.007766781212704166,Democrat
C001091,"Rep. Castro, Joaquin [D-TX-20]",D,TX,0.008948545861297539,0.009333815461369062,Democrat
C001061,"Rep. Cleaver, Emanuel [D-MO-5]",D,MO,0.011185682326621923,0.00948445520431235,Democrat
C001068,"Rep. Cohen, Steve [D-TN-9]",D,TN,0.08053691275167785,0.025868757896862445,Democrat
C001078,"Rep. Connolly, Gerald E. [D-VA-11]",D,VA,0.015659955257270694,0.00856837916396901,Democrat
C001063,"Rep. Cuellar, Henry [D-TX-28]",D,TX,0.011185682326621923,0.009355997084702085,Democrat
D000623,"Rep. DeSaulnier, Mark [D-CA-10]",D,CA,0.013422818791946308,0.00972687190859546,Democrat
E000299,"Rep. Escobar, Veronica [D-TX-16]",D,TX,0.008948545861297539,0.009333815461369062,Democrat
F000462,"Rep. Frankel, Lois [D-FL-22]",D,FL,0.008948545861297539,0.004433937216265278,Democrat
G000587,"Rep. Garcia, Sylvia R. [D-TX-29]",D,TX,0.008948545861297539,0.009333815461369062,Democrat
G000581,"Rep. Gonzalez, Vicente [D-TX-34]",D,TX,0.008948545861297539,0.008445614319947661,Democrat
G000553,"Rep. Green, Al [D-TX-9]",D,TX,0.06487695749440715,0.01657431373132202,Democrat
J000288,"Rep. Johnson, Henry C. ""Hank,"" Jr. [D-GA-4]",D,GA,0.008948545861297539,0.008770779586473864,Democrat
M001135,"Rep. Manning, Kathy E. [D-NC-6]",D,NC,0.013422818791946308,0.01001526046748272,Democrat
M001208,"Rep. McBath, Lucy [D-GA-7]",D,GA,0.011185682326621923,0.006325042193842048,Democrat
N000194,"Rep. Nickel, Wiley [D-NC-13]",D,NC,0.008948545861297539,0.003945263953700642,Democrat
P000607,"Rep. Pocan, Mark [D-WI-2]",D,WI,0.011185682326621923,0.009213141047135004,Democrat
R000305,"Rep. Ross, Deborah K. [D-NC-2]",D,NC,0.008948545861297539,0.006634174185711625,Democrat
S001157,"Rep. Scott, David [D-GA-13]",D,GA,0.006711409395973154,0.004684227851174918,Democrat
S001185,"Rep. Sewell, Terri A. [D-AL-7]",D,AL,0.008948545861297539,0.010598065707042343,Democrat
S001200,"Rep. Soto, Darren [D-FL-9]",D,FL,0.013422818791946308,0.010098699554160956,Democrat
T000193,"Rep. Thompson, Bennie G. [D-MS-2]",D,MS,0.011185682326621923,0.006671264007524419,Democrat
V000131,"Rep. Veasey, Marc A. [D-TX-33]",D,TX,0.0044742729306487695,0.007646935797535645,Democrat
W000797,"Rep. Wasserman Schultz, Debbie [D-FL-25]",D,FL,0.006711409395973154,0.0055474202185861994,Democrat
W000788,"Rep. Williams, Nikema [D-GA-5]",D,GA,0.011185682326621923,0.011772524815412218,Democrat
W000808,"Rep. Wilson, Frederica S. [D-FL-24]",D,FL,0.011185682326621923,0.009534353397571083,Democrat
A000370,"Rep. Adams, Alma S. [D-NC-12]",D,NC,0.011185682326621923,0.007911349635163024,Democrat
C001127,"Rep. Cherfilus-McCormick, Sheila [D-FL-20]",D,FL,0.008948545861297539,0.00982257848087551,Democrat
C001130,"Rep. Crockett, Jasmine [D-TX-30]",D,TX,0.011185682326621923,0.012035591486115507,Democrat
M001217,"Rep. Moskowitz, Jared [D-FL-23]",D,FL,0.011185682326621923,0.0074304031272916255,Democrat
D000230,"Rep. Davis, Donald G. [D-NC-1]",D,NC,0.011185682326621923,0.006888164495381836,Democrat
C000537,"Rep. Clyburn, James E. [D-SC-6]",D,SC,0.008948545861297539,0.005461849826430765,Democrat
F000468,"Rep. Fletcher, Lizzie [D-TX-7]",D,TX,0.011185682326621923,0.009370905283181854,Democrat
N000179,"Rep. Napolitano, Grace F. [D-CA-31]",D,CA,0.008948545861297539,0.007983994823540343,Democrat
F000477,"Rep. Foushee, Valerie P. [D-NC-4]",D,NC,0.006711409395973154,0.004421161180471627,Democrat
R000606,"Rep. Raskin, Jamie [D-MD-8]",D,MD,0.013422818791946308,0.006985383553694603,Democrat
A000375,"Rep. Arrington, Jodey C. [R-TX-19]",R,TX,0.03355704697986577,0.0433980892387537,Republican
M001224,"Rep. Moran, Nathaniel [R-TX-1]",R,TX,0.013422818791946308,0.014683174865456835,Republican
M001157,"Rep. McCaul, Michael T. [R-TX-10]",R,TX,0.013422818791946308,0.01508319399621238,Republican
B001260,"Rep. Buchanan, Vern [R-FL-16]",R,FL,0.18120805369127516,0.08562696618790391,Republican
K000382,"Rep. Kuster, Ann M. [D-NH-2]",D,NH,0.013422818791946308,0.006109392967861321,Democrat
P000614,"Rep. Pappas, Chris [D-NH-1]",D,NH,0.011185682326621923,0.010377261407575979,Democrat
J000292,"Rep. Johnson, Bill [R-OH-6]",R,OH,0.029082774049217,0.037240604771774724,Republican
M001215,"Rep. Miller-Meeks, Mariannette [R-IA-1]",R,IA,0.029082774049217,0.03139573267736305,Republican
M000194,"Rep. Mace, Nancy [R-SC-1]",R,SC,0.026845637583892617,0.05877933425203192,Republican
O000019,"Rep. Obernolte, Jay [R-CA-23]",R,CA,0.020134228187919462,0.014272541867690273,Republican
D000600,"Rep. Diaz-Balart, Mario [R-FL-26]",R,FL,0.013422818791946308,0.014152368203300137,Republican
A000055,"Rep. Aderholt, Robert B. [R-AL-4]",R,AL,0.015659955257270694,0.046741714269271616,Republican
C001126,"Rep. Carey, Mike [R-OH-15]",R,OH,0.017897091722595078,0.024007241169661988,Republican
D000096,"Rep. Davis, Danny K. [D-IL-7]",D,IL,0.011185682326621923,0.0059303143103159725,Democrat
S001193,"Rep. Swalwell, Eric [D-CA-14]",D,CA,0.011185682326621923,0.005752818031768115,Democrat
B001285,"Rep. Brownley, Julia [D-CA-26]",D,CA,0.09395973154362416,0.014644036295810833,Democrat
K000389,"Rep. Khanna, Ro [D-CA-17]",D,CA,0.015659955257270694,0.00960681710440125,Democrat
M001160,"Rep. Moore, Gwen [D-WI-4]",D,WI,0.008948545861297539,0.007326200269310979,Democrat
M001184,"Rep. Massie, Thomas [R-KY-4]",R,KY,0.18344519015659955,0.16490094641153702,Republican
R000614,"Rep. Roy, Chip [R-TX-21]",R,TX,0.16778523489932887,0.12600685474833778,Republican
F000474,"Rep. Flood, Mike [R-NE-1]",R,NE,0.011185682326621923,0.018229726939896326,Republican
C001051,"Rep. Carter, John R. [R-TX-31]",R,TX,0.017897091722595078,0.029488670975139006,Republican
G000595,"Rep. Good, Bob [R-VA-5]",R,VA,0.058165548098434,0.11236250110731681,Republican
H001096,"Rep. Hageman, Harriet M. [R-WY-At Large]",R,WY,0.024608501118568233,0.04780959230661253,Republican
B001248,"Rep. Burgess, Michael C. [R-TX-26]",R,TX,0.022371364653243846,0.03584008983191604,Republican
P000608,"Rep. Peters, Scott H. [D-CA-50]",D,CA,0.006711409395973154,0.008728484940399484,Democrat
C001112,"Rep. Carbajal, Salud O. [D-CA-24]",D,CA,0.017897091722595078,0.016032520741313835,Democrat
C001133,"Rep. Ciscomani, Juan [R-AZ-6]",R,AZ,0.011185682326621923,0.01724191442408388,Republican
V000135,"Rep. Van Orden, Derrick [R-WI-3]",R,WI,0.011185682326621923,0.01608725899388816,Republican
G000568,"Rep. Griffith, H. Morgan [R-VA-9]",R,VA,0.060402684563758385,0.06788707461240231,Republican
B001300,"Rep. Barragan, Nanette Diaz [D-CA-44]",D,CA,0.015659955257270694,0.01713142348755972,Democrat
G000578,"Rep. Gaetz, Matt [R-FL-1]",R,FL,0.029082774049217,0.06714309783786686,Republican
G000579,"Rep. Gallagher, Mike [R-WI-8]",R,WI,0.011185682326621923,0.016303101818049132,Republican
M001156,"Rep. McHenry, Patrick T. [R-NC-10]",R,NC,0.008948545861297539,0.01770286670265419,Republican
R000103,"Rep. Rosendale Sr., Matthew M. [R-MT-2]",R,MT,0.05592841163310962,0.11122616432822185,Republican
W000809,"Rep. Womack, Steve [R-AR-3]",R,AR,0.013422818791946308,0.04379328952427908,Republican
G000597,"Rep. Garbarino, Andrew R. [R-NY-2]",R,NY,0.011185682326621923,0.015935066326598142,Republican
S001195,"Rep. Smith, Jason [R-MO-8]",R,MO,0.011185682326621923,0.013962255096631779,Republican
C001054,"Rep. Carl, Jerry L. [R-AL-1]",R,AL,0.026845637583892617,0.04707363076127535,Republican
P000609,"Rep. Palmer, Gary J. [R-AL-6]",R,AL,0.017897091722595078,0.02974629644023817,Republican
S001213,"Rep. Steil, Bryan [R-WI-1]",R,WI,0.0044742729306487695,0.007050065936806757,Republican
J000295,"Rep. Joyce, David P. [R-OH-14]",R,OH,0.022371364653243846,0.01514969670031235,Republican
C001053,"Rep. Cole, Tom [R-OK-4]",R,OK,0.011185682326621923,0.012988713849555933,Republican
L000569,"Rep. Luetkemeyer, Blaine [R-MO-3]",R,MO,0.013422818791946308,0.015407611372259121,Republican
G000592,"Rep. Golden, Jared F. [D-ME-2]",D,ME,0.008948545861297539,0.010173545587072468,Democrat
L000491,"Rep. Lucas, Frank D. [R-OK-3]",R,OK,0.006711409395973154,0.010079067577470052,Republican
H001095,"Rep. Hunt, Wesley [R-TX-38]",R,TX,0.015659955257270694,0.016322042622149913,Republican
R000395,"Rep. Rogers, Harold [R-KY-5]",R,KY,0.008948545861297539,0.011279195074084529,Republican
F000469,"Rep. Fulcher, Russ [R-ID-1]",R,ID,0.026845637583892617,0.032509578671030714,Republican
K000385,"Rep. Kelly, Robin L. [D-IL-2]",D,IL,0.011185682326621923,0.006680078550695035,Democrat
P000617,"Rep. Pressley, Ayanna [D-MA-7]",D,MA,0.008948545861297539,0.00907074879066577,Democrat
M000687,"Rep. Mfume, Kweisi [D-MD-7]",D,MD,0.015659955257270694,0.008597242948253519,Democrat
P000610,"Del. Plaskett, Stacey E. [D-VI-At Large]",D,VI,0.006711409395973154,0.0036919001631127834,Democrat
K000381,"Rep. Kilmer, Derek [D-WA-6]",D,WA,0.015659955257270694,0.00783269452121182,Democrat
G000559,"Rep. Garamendi, John [D-CA-8]",D,CA,0.049217002237136466,0.014615672742113029,Democrat
T000486,"Rep. Torres, Ritchie [D-NY-15]",D,NY,0.008948545861297539,0.005041720800941501,Democrat
C001072,"Rep. Carson, André [D-IN-7]",D,IN,0.015659955257270694,0.009335734167799772,Democrat
J000305,"Rep. Jacobs, Sara [D-CA-51]",D,CA,0.008948545861297539,0.0052843535478829095,Democrat
C001125,"Rep. Carter, Troy [D-LA-2]",D,LA,0.011185682326621923,0.010422704177583498,Democrat
C001059,"Rep. Costa, Jim [D-CA-21]",D,CA,0.013422818791946308,0.005646750506768059,Democrat
C001080,"Rep. Chu, Judy [D-CA-28]",D,CA,0.015659955257270694,0.008739250639675128,Democrat
D000624,"Rep. Dingell, Debbie [D-MI-6]",D,MI,0.029082774049217,0.010831067659884995,Democrat
M000312,"Rep. McGovern, James P. [D-MA-2]",D,MA,0.013422818791946308,0.007077365028042713,Democrat
B001281,"Rep. Beatty, Joyce [D-OH-3]",D,OH,0.011185682326621923,0.006671264007524419,Democrat
L000582,"Rep. Lieu, Ted [D-CA-36]",D,CA,0.017897091722595078,0.0075722160313044925,Democrat
B001223,"Rep. Bowman, Jamaal [D-NY-16]",D,NY,0.011185682326621923,0.009335950210458074,Democrat
W000822,"Rep. Watson Coleman, Bonnie [D-NJ-12]",D,NJ,0.013422818791946308,0.007199532098020014,Democrat
R000576,"Rep. Ruppersberger, C. A. Dutch [D-MD-2]",D,MD,0.05145413870246085,0.010515167987083593,Democrat
B001296,"Rep. Boyle, Brendan F. [D-PA-2]",D,PA,0.008948545861297539,0.007720928152837052,Democrat
K000375,"Rep. Keating, William R. [D-MA-9]",D,MA,0.011185682326621923,0.007411796160967473,Democrat
E000297,"Rep. Espaillat, Adriano [D-NY-13]",D,NY,0.008948545861297539,0.00907074879066577,Democrat
T000488,"Rep. Thanedar, Shri [D-MI-13]",D,MI,0.008948545861297539,0.004199734329846494,Democrat
C001055,"Rep. Case, Ed [D-HI-1]",D,HI,0.015659955257270694,0.006039188084809222,Democrat
T000481,"Rep. Tlaib, Rashida [D-MI-12]",D,MI,0.013422818791946308,0.010550559205017594,Democrat
T000487,"Rep. Tokuda, Jill N. [D-HI-2]",D,HI,0.017897091722595078,0.008120188423090865,Democrat
J000309,"Rep. Jackson, Jonathan L. [D-IL-1]",D,IL,0.006711409395973154,0.004364947716591627,Democrat
K000400,"Rep. Kamlager-Dove, Sydney [D-CA-37]",D,CA,0.008948545861297539,0.005228140084002909,Democrat
H001066,"Rep. Horsford, Steven [D-NV-4]",D,NV,0.0044742729306487695,0.0019845865755174835,Democrat
H001081,"Rep. Hayes, Jahana [D-CT-5]",D,CT,0.015659955257270694,0.00814691745828636,Democrat
C001117,"Rep. Casten, Sean [D-IL-6]",D,IL,0.008948545861297539,0.0063711075150083354,Democrat
O000173,"Rep. Omar, Ilhan [D-MN-5]",D,MN,0.011185682326621923,0.005584510040398994,Democrat
S001215,"Rep. Stevens, Haley M. [D-MI-11]",D,MI,0.008948545861297539,0.004141386116877482,Democrat
C001067,"Rep. Clarke, Yvette D. [D-NY-9]",D,NY,0.006711409395973154,0.005021286877179618,Democrat
C001121,"Rep. Crow, Jason [D-CO-6]",D,CO,0.04474272930648769,0.013051609652956278,Democrat
D000631,"Rep. Dean, Madeleine [D-PA-4]",D,PA,0.008948545861297539,0.0063711075150083354,Democrat
S001205,"Rep. Scanlon, Mary Gay [D-PA-5]",D,PA,0.011185682326621923,0.006607445150516132,Democrat
J000298,"Rep. Jayapal, Pramila [D-WA-7]",D,WA,0.008948545861297539,0.006502512972888842,Democrat
P000613,"Rep. Panetta, Jimmy [D-CA-19]",D,CA,0.015659955257270694,0.006431770452883712,Democrat
M001206,"Rep. Morelle, Joseph D. [D-NY-25]",D,NY,0.008948545861297539,0.0063711075150083354,Democrat
M001163,"Rep. Matsui, Doris O. [D-CA-7]",D,CA,0.011185682326621923,0.005373473781457872,Democrat
B001313,"Rep. Brown, Shontel M. [D-OH-11]",D,OH,0.006711409395973154,0.005021286877179618,Democrat
D000197,"Rep. DeGette, Diana [D-CO-1]",D,CO,0.008948545861297539,0.006634174185711625,Democrat
L000560,"Rep. Larsen, Rick [D-WA-2]",D,WA,0.011185682326621923,0.006558766149052818,Democrat
S001159,"Rep. Strickland, Marilyn [D-WA-10]",D,WA,0.008948545861297539,0.005217436781566687,Democrat
L000601,"Rep. Landsman, Greg [D-OH-1]",D,OH,0.011185682326621923,0.006577960721831626,Democrat
I000058,"Rep. Ivey, Glenn [D-MD-4]",D,MD,0.008948545861297539,0.007148729490264182,Democrat
E000296,"Rep. Evans, Dwight [D-PA-3]",D,PA,0.013422818791946308,0.010148527258437703,Democrat
S001207,"Rep. Sherrill, Mikie [D-NJ-11]",D,NJ,0.011185682326621923,0.006558766149052818,Democrat
T000472,"Rep. Takano, Mark [D-CA-39]",D,CA,0.008948545861297539,0.007720928152837052,Democrat
B001303,"Rep. Blunt Rochester, Lisa [D-DE-At Large]",D,DE,0.011185682326621923,0.008740847866312813,Democrat
B001318,"Rep. Balint, Becca [D-VT-At Large]",D,VT,0.011185682326621923,0.005474775030208882,Democrat
M001137,"Rep. Meeks, Gregory W. [D-NY-5]",D,NY,0.008948545861297539,0.0063711075150083354,Democrat
G000585,"Rep. Gomez, Jimmy [D-CA-34]",D,CA,0.008948545861297539,0.0052843535478829095,Democrat
S001168,"Rep. Sarbanes, John P. [D-MD-3]",D,MD,0.011185682326621923,0.005520691183390704,Democrat
F000476,"Rep. Frost, Maxwell [D-FL-10]",D,FL,0.008948545861297539,0.0073213403923310825,Democrat
G000599,"Rep. Goldman, Daniel S. [D-NY-10]",D,NY,0.013422818791946308,0.008176551054955331,Democrat
P000618,"Rep. Porter, Katie [D-CA-47]",D,CA,0.015659955257270694,0.010419514616354838,Democrat
D000617,"Rep. DelBene, Suzan K. [D-WA-1]",D,WA,0.008948545861297539,0.00497522155601333,Democrat
M001227,"Rep. McClellan, Jennifer L. [D-VA-4]",D,VA,0.011185682326621923,0.006252397005464728,Democrat
L000593,"Rep. Levin, Mike [D-CA-49]",D,CA,0.024608501118568233,0.008616352071115194,Democrat
C001069,"Rep. Courtney, Joe [D-CT-2]",D,CT,0.008948545861297539,0.0052843535478829095,Democrat
M001196,"Rep. Moulton, Seth [D-MA-6]",D,MA,0.008948545861297539,0.00497522155601333,Democrat
K000394,"Rep. Kim, Andy [D-NJ-3]",D,NJ,0.008948545861297539,0.0052843535478829095,Democrat
T000483,"Rep. Trone, David J. [D-MD-6]",D,MD,0.017897091722595078,0.012532319902796588,Democrat
L000602,"Rep. Lee, Summer L. [D-PA-12]",D,PA,0.008948545861297539,0.005977835025123636,Democrat
S000510,"Rep. Smith, Adam [D-WA-9]",D,WA,0.008948545861297539,0.004617311084858697,Democrat
S001156,"Rep. Sánchez, Linda T. [D-CA-38]",D,CA,0.011185682326621923,0.00876161679879619,Democrat
B001292,"Rep. Beyer, Donald S., Jr. [D-VA-8]",D,VA,0.011185682326621923,0.006636308934800638,Democrat
M001220,"Rep. McGarvey, Morgan [D-KY-3]",D,KY,0.008948545861297539,0.004199734329846494,Democrat
P000034,"Rep. Pallone, Frank, Jr. [D-NJ-6]",D,NJ,0.006711409395973154,0.003934532910054191,Democrat
L000273,"Rep. Leger Fernandez, Teresa [D-NM-3]",D,NM,0.008948545861297539,0.0052843535478829095,Democrat
D000216,"Rep. DeLauro, Rosa L. [D-CT-3]",D,CT,0.008948545861297539,0.007983994823540343,Democrat
T000482,"Rep. Trahan, Lori [D-MA-3]",D,MA,0.008948545861297539,0.0052843535478829095,Democrat
V000081,"Rep. Velazquez, Nydia M. [D-NY-7]",D,NY,0.011185682326621923,0.006841027392534917,Democrat
H000874,"Rep. Hoyer, Steny H. [D-MD-5]",D,MD,0.0044742729306487695,0.00307134054264291,Democrat
K000380,"Rep. Kildee, Daniel T. [D-MI-8]",D,MI,0.008948545861297539,0.0053864417897719575,Democrat
B001287,"Rep. Bera, Ami [D-CA-6]",D,CA,0.006711409395973154,0.005021286877179618,Democrat
M001188,"Rep. Meng, Grace [D-NY-6]",D,NY,0.013422818791946308,0.0057399764500011856,Democrat
M001143,"Rep. McCollum, Betty [D-MN-4]",D,MN,0.011185682326621923,0.006577960721831626,Democrat
L000397,"Rep. Lofgren, Zoe [D-CA-18]",D,CA,0.011185682326621923,0.005473623352516829,Democrat
W000825,"Rep. Wexton, Jennifer [D-VA-10]",D,VA,0.006711409395973154,0.003934532910054191,Democrat
G000551,"Rep. Grijalva, Raúl M. [D-AZ-7]",D,AZ,0.011185682326621923,0.007542040875812549,Democrat
W000187,"Rep. Waters, Maxine [D-CA-43]",D,CA,0.011185682326621923,0.005584510040398994,Democrat
S001221,"Rep. Scholten, Hillary J. [D-MI-3]",D,MI,0.011185682326621923,0.007253862578242109,Democrat
P000096,"Rep. Pascrell, Bill, Jr. [D-NJ-9]",D,NJ,0.006711409395973154,0.003288341892179913,Democrat
S001190,"Rep. Schneider, Bradley Scott [D-IL-10]",D,IL,0.006711409395973154,0.0038884675888879038,Democrat
H001090,"Rep. Harder, Josh [D-CA-9]",D,CA,0.008948545861297539,0.004735694359276876,Democrat
S001225,"Rep. Sorensen, Eric [D-IL-17]",D,IL,0.006711409395973154,0.0038884675888879038,Democrat
V000130,"Rep. Vargas, Juan [D-CA-52]",D,CA,0.006711409395973154,0.003934532910054191,Democrat
K000391,"Rep. Krishnamoorthi, Raja [D-IL-8]",D,IL,0.008948545861297539,0.006634174185711625,Democrat
C001110,"Rep. Correa, J. Luis [D-CA-46]",D,CA,0.0044742729306487695,0.002847778942928765,Democrat
S000344,"Rep. Sherman, Brad [D-CA-32]",D,CA,0.008948545861297539,0.006241641355336415,Democrat
H001085,"Rep. Houlahan, Chrissy [D-PA-6]",D,PA,0.011185682326621923,0.00778553906935187,Democrat
C001097,"Rep. Cárdenas, Tony [D-CA-29]",D,CA,0.011185682326621923,0.005752818031768115,Democrat
T000460,"Rep. Thompson, Mike [D-CA-4]",D,CA,0.011185682326621923,0.006659324830267899,Democrat
C001119,"Rep. Craig, Angie [D-MN-2]",D,MN,0.006711409395973154,0.004122191544098675,Democrat
E000215,"Rep. Eshoo, Anna G. [D-CA-16]",D,CA,0.008948545861297539,0.004781759680443164,Democrat
T000469,"Rep. Tonko, Paul [D-NY-20]",D,NY,0.011185682326621923,0.010422704177583498,Democrat
R000599,"Rep. Ruiz, Raul [D-CA-25]",D,CA,0.006711409395973154,0.004197599580757482,Democrat
N000015,"Rep. Neal, Richard E. [D-MA-1]",D,MA,0.0022371364653243847,0.0008978326083920574,Democrat
S001177,"Del. Sablan, Gregorio Kilili Camacho [D-MP-At Large]",D,MP,0.006711409395973154,0.003054632149752056,Democrat
F000454,"Rep. Foster, Bill [D-IL-11]",D,IL,0.0044742729306487695,0.002847778942928765,Democrat
O000172,"Rep. Ocasio-Cortez, Alexandria [D-NY-14]",D,NY,0.0044742729306487695,0.004947294521878209,Democrat
S001211,"Rep. Stanton, Greg [D-AZ-4]",D,AZ,0.0022371364653243847,0.0008978326083920574,Democrat
L000557,"Rep. Larson, John B. [D-CT-1]",D,CT,0.006711409395973154,0.0038626753038417953,Democrat
A000148,"Rep. Auchincloss, Jake [D-MA-4]",D,MA,0.0044742729306487695,0.002847778942928765,Democrat
S000185,"Rep. Scott, Robert C. ""Bobby"" [D-VA-3]",D,VA,0.006711409395973154,0.003934532910054191,Democrat
T000474,"Rep. Torres, Norma J. [D-CA-35]",D,CA,0.0044742729306487695,0.002847778942928765,Democrat
K000009,"Rep. Kaptur, Marcy [D-OH-9]",D,OH,0.013422818791946308,0.006591174241339824,Democrat
G000574,"Rep. Gallego, Ruben [D-AZ-3]",D,AZ,0.0044742729306487695,0.002847778942928765,Democrat
C001084,"Rep. Cicilline, David N. [D-RI-1]",D,RI,0.006711409395973154,0.006897240856414916,Democrat
N000188,"Rep. Norcross, Donald [D-NJ-1]",D,NJ,0.008948545861297539,0.0044622774220502105,Democrat
A000371,"Rep. Aguilar, Pete [D-CA-33]",D,CA,0.0022371364653243847,0.0008978326083920574,Democrat
S001209,"Rep. Spanberger, Abigail Davis [D-VA-7]",D,VA,0.011185682326621923,0.005736690023220119,Democrat
U000040,"Rep. Underwood, Lauren [D-IL-14]",D,IL,0.0044742729306487695,0.002847778942928765,Democrat
C001101,"Rep. Clark, Katherine M. [D-MA-5]",D,MA,0.0022371364653243847,0.0008978326083920574,Democrat
J000294,"Rep. Jeffries, Hakeem S. [D-NY-8]",D,NY,0.0022371364653243847,0.0008978326083920574,Democrat
M001214,"Rep. Mrvan, Frank J. [D-IN-1]",D,IN,0.006711409395973154,0.003934532910054191,Democrat
W000826,"Rep. Wild, Susan [D-PA-7]",D,PA,0.011185682326621923,0.008190848030363634,Democrat
H001038,"Rep. Higgins, Brian [D-NY-26]",D,NY,0.006711409395973154,0.0055474202185861994,Democrat
H001047,"Rep. Himes, James A. [D-CT-4]",D,CT,0.006711409395973154,0.0031129803627210685,Democrat
H001094,"Rep. Hoyle, Val T. [D-OR-4]",D,OR,0.011185682326621923,0.008831221593929316,Democrat
M001225,"Rep. Mullin, Kevin [D-CA-15]",D,CA,0.008948545861297539,0.003960207133110041,Democrat
S001216,"Rep. Schrier, Kim [D-WA-8]",D,WA,0.0044742729306487695,0.002847778942928765,Democrat
M001223,"Rep. Magaziner, Seth [D-RI-2]",D,RI,0.008948545861297539,0.004199734329846494,Democrat
G000598,"Rep. Garcia, Robert [D-CA-42]",D,CA,0.006711409395973154,0.0030382004252547377,Democrat
P000620,"Rep. Pettersen, Brittany [D-CO-7]",D,CO,0.008948545861297539,0.006494694743684642,Democrat
S001218,"Rep. Stansbury, Melanie Ann [D-NM-1]",D,NM,0.008948545861297539,0.0052843535478829095,Democrat
D000530,"Rep. Deluzio, Christopher R. [D-PA-17]",D,PA,0.011185682326621923,0.005249585763483307,Democrat
R000617,"Rep. Ramirez, Delia C. [D-IL-3]",D,IL,0.008948545861297539,0.007162442276207221,Democrat
M001226,"Rep. Menendez, Robert [D-NJ-8]",D,NJ,0.0044742729306487695,0.002847778942928765,Democrat
A000380,"Rep. Amo, Gabe [D-RI-1]",D,RI,0.0044742729306487695,0.002172245209561967,Democrat
C001134,"Rep. Caraveo, Yadira [D-CO-8]",D,CO,0.011185682326621923,0.009592514291858995,Democrat
P000197,"Rep. Pelosi, Nancy [D-CA-11]",D,CA,0.0022371364653243847,0.0008978326083920574,Democrat
S001226,"Rep. Salinas, Andrea [D-OR-6]",D,OR,0.0044742729306487695,0.004947294521878209,Democrat
S001201,"Rep. Suozzi, Thomas R. [D-NY-3]",D,NY,0.0022371364653243847,0.0008978326083920574,Democrat
K000402,"Rep. Kennedy, Timothy M. [D-NY-26]",D,NY,0.0022371364653243847,0.0008978326083920574,Democrat
S001223,"Rep. Sykes, Emilia Strong [D-OH-13]",D,OH,0.0044742729306487695,0.002847778942928765,Democrat
R000579,"Rep. Ryan, Patrick [D-NY-18]",D,NY,0.0044742729306487695,0.002847778942928765,Democrat
M001229,"Rep. McIver, LaMonica [D-NJ-10]",D,NJ,0.0022371364653243847,0.0008978326083920574,Democrat
J000289,"Rep. Jordan, Jim [R-OH-4]",R,OH,0.011185682326621923,0.017624246107257758,Republican
J000307,"Rep. James, John [R-MI-10]",R,MI,0.0044742729306487695,0.0041095986277805766,Republican
M001218,"Rep. McCormick, Richard [R-GA-6]",R,GA,0.011185682326621923,0.01618267133326501,Republican
M001159,"Rep. McMorris Rodgers, Cathy [R-WA-5]",R,WA,0.17002237136465323,0.10602348872859488,Republican
G000061,"Rep. Garcia, Mike [R-CA-27]",R,CA,0.040268456375838924,0.017075300830750945,Republican
K000401,"Rep. Kiley, Kevin [R-CA-3]",R,CA,0.017897091722595078,0.011309102544260808,Republican
B000668,"Rep. Bentz, Cliff [R-OR-2]",R,OR,0.008948545861297539,0.008422399284543526,Republican
C001135,"Rep. Chavez-DeRemer, Lori [R-OR-5]",R,OR,0.008948545861297539,0.005435289677258604,Republican
G000582,"Rescom. González-Colón, Jenniffer [R-PR-At Large]",R,PR,0.07829977628635347,0.011423167111681733,Republican
S001135,"Rep. Steel, Michelle [R-CA-45]",R,CA,0.015659955257270694,0.009254345304576594,Republican
S001192,"Rep. Stewart, Chris [R-UT-2]",R,UT,0.011185682326621923,0.006195075082176008,Republican
P000615,"Rep. Pence, Greg [R-IN-6]",R,IN,0.008948545861297539,0.011794422363955987,Republican
K000399,"Rep. Kiggans, Jennifer A [R-VA-2]",R,VA,0.006711409395973154,0.004866699530247702,Republican
M001221,"Rep. Molinaro, Marcus J. [R-NY-19]",R,NY,0.0044742729306487695,0.0038695848053265764,Republican
N000193,"Rep. Nunn, Zachary [R-IA-3]",R,IA,0.0044742729306487695,0.003913495382908567,Republican
S001176,"Rep. Scalise, Steve [R-LA-1]",R,LA,0.0044742729306487695,0.006586375244534107,Republican
W000821,"Rep. Westerman, Bruce [R-AR-4]",R,AR,0.0044742729306487695,0.006586375244534107,Republican
T000463,"Rep. Turner, Michael R. [R-OH-10]",R,OH,0.006711409395973154,0.008536321579070813,Republican
P000619,"Rep. Peltola, Mary Sattler [D-AK-At Large]",D,AK,0.0044742729306487695,0.002214624175829435,Democrat
R000600,"Del. Radewagen, Aumua Amata Coleman [R-AS-At Large]",R,AS,0.0044742729306487695,0.0016881190148164916,Republican
V000136,"Rep. Vasquez, Gabe [D-NM-2]",D,NM,0.0044742729306487695,0.002156799541359999,Democrat
E000294,"Rep. Emmer, Tom [R-MN-6]",R,MN,0.0022371364653243847,0.0015268555060663793,Republican
D000633,"Rep. Duarte, John S. [R-CA-13]",R,CA,0.006711409395973154,0.004412948868530648,Republican
L000604,"Rep. Lopez, Greg [R-CO-4]",R,CO,0.0022371364653243847,0.0015268555060663793,Republican
G000600,"Rep. Perez, Marie Gluesenkamp [D-WA-3]",D,WA,0.0022371364653243847,0.0012744126011699096,Democrat
M001228,"Rep. Maloy, Celeste [R-UT-2]",R,UT,0.0022371364653243847,0.003557373603870812,Republican
F000480,"Rep. Fong, Vince [R-CA-20]",R,CA,0.0044742729306487695,0.0044296385370046635,Republican
M001165,"Rep. McCarthy, Kevin [R-CA-20]",R,CA,0.0022371364653243847,0.0008722649331338524,Republican
